--
-- PostgreSQL database dump
--

\restrict GPd1eGfFvNSQdWDNSvELvxI0NTXzmL5hLe3rMtAmHjujP0SnXek5Ni4PAibjHPN

-- Dumped from database version 16.13 (Debian 16.13-1.pgdg13+1)
-- Dumped by pg_dump version 17.9 (Debian 17.9-0+deb13u1)

SET statement_timeout = 0;
SET lock_timeout = 0;
SET idle_in_transaction_session_timeout = 0;
SET transaction_timeout = 0;
SET client_encoding = 'UTF8';
SET standard_conforming_strings = on;
SELECT pg_catalog.set_config('search_path', '', false);
SET check_function_bodies = false;
SET xmloption = content;
SET client_min_messages = warning;
SET row_security = off;

SET default_tablespace = '';

SET default_table_access_method = heap;

--
-- Name: auth_foyer_foyer; Type: TABLE; Schema: public; Owner: hestia
--

CREATE TABLE public.auth_foyer_foyer (
    id bigint NOT NULL,
    nom character varying(255) NOT NULL,
    code character varying(10) NOT NULL,
    created_at timestamp with time zone NOT NULL
);


ALTER TABLE public.auth_foyer_foyer OWNER TO hestia;

--
-- Name: auth_foyer_foyer_id_seq; Type: SEQUENCE; Schema: public; Owner: hestia
--

ALTER TABLE public.auth_foyer_foyer ALTER COLUMN id ADD GENERATED BY DEFAULT AS IDENTITY (
    SEQUENCE NAME public.auth_foyer_foyer_id_seq
    START WITH 1
    INCREMENT BY 1
    NO MINVALUE
    NO MAXVALUE
    CACHE 1
);


--
-- Name: auth_foyer_membrefoyer; Type: TABLE; Schema: public; Owner: hestia
--

CREATE TABLE public.auth_foyer_membrefoyer (
    id bigint NOT NULL,
    role character varying(10) NOT NULL,
    joined_at timestamp with time zone NOT NULL,
    foyer_id bigint NOT NULL,
    user_id bigint NOT NULL
);


ALTER TABLE public.auth_foyer_membrefoyer OWNER TO hestia;

--
-- Name: auth_foyer_membrefoyer_id_seq; Type: SEQUENCE; Schema: public; Owner: hestia
--

ALTER TABLE public.auth_foyer_membrefoyer ALTER COLUMN id ADD GENERATED BY DEFAULT AS IDENTITY (
    SEQUENCE NAME public.auth_foyer_membrefoyer_id_seq
    START WITH 1
    INCREMENT BY 1
    NO MINVALUE
    NO MAXVALUE
    CACHE 1
);


--
-- Name: auth_foyer_user; Type: TABLE; Schema: public; Owner: hestia
--

CREATE TABLE public.auth_foyer_user (
    id bigint NOT NULL,
    password character varying(128) NOT NULL,
    last_login timestamp with time zone,
    is_superuser boolean NOT NULL,
    email character varying(254) NOT NULL,
    first_name character varying(150) NOT NULL,
    last_name character varying(150) NOT NULL,
    is_verified boolean NOT NULL,
    is_active boolean NOT NULL,
    is_staff boolean NOT NULL,
    created_at timestamp with time zone NOT NULL,
    calories_cibles integer,
    proteines_cibles integer,
    glucides_cibles integer,
    lipides_cibles integer,
    fibres_cibles integer,
    CONSTRAINT auth_foyer_user_calories_cibles_check CHECK ((calories_cibles >= 0)),
    CONSTRAINT auth_foyer_user_fibres_cibles_check CHECK ((fibres_cibles >= 0)),
    CONSTRAINT auth_foyer_user_glucides_cibles_check CHECK ((glucides_cibles >= 0)),
    CONSTRAINT auth_foyer_user_lipides_cibles_check CHECK ((lipides_cibles >= 0)),
    CONSTRAINT auth_foyer_user_proteines_cibles_check CHECK ((proteines_cibles >= 0))
);


ALTER TABLE public.auth_foyer_user OWNER TO hestia;

--
-- Name: auth_foyer_user_groups; Type: TABLE; Schema: public; Owner: hestia
--

CREATE TABLE public.auth_foyer_user_groups (
    id bigint NOT NULL,
    user_id bigint NOT NULL,
    group_id integer NOT NULL
);


ALTER TABLE public.auth_foyer_user_groups OWNER TO hestia;

--
-- Name: auth_foyer_user_groups_id_seq; Type: SEQUENCE; Schema: public; Owner: hestia
--

ALTER TABLE public.auth_foyer_user_groups ALTER COLUMN id ADD GENERATED BY DEFAULT AS IDENTITY (
    SEQUENCE NAME public.auth_foyer_user_groups_id_seq
    START WITH 1
    INCREMENT BY 1
    NO MINVALUE
    NO MAXVALUE
    CACHE 1
);


--
-- Name: auth_foyer_user_id_seq; Type: SEQUENCE; Schema: public; Owner: hestia
--

ALTER TABLE public.auth_foyer_user ALTER COLUMN id ADD GENERATED BY DEFAULT AS IDENTITY (
    SEQUENCE NAME public.auth_foyer_user_id_seq
    START WITH 1
    INCREMENT BY 1
    NO MINVALUE
    NO MAXVALUE
    CACHE 1
);


--
-- Name: auth_foyer_user_user_permissions; Type: TABLE; Schema: public; Owner: hestia
--

CREATE TABLE public.auth_foyer_user_user_permissions (
    id bigint NOT NULL,
    user_id bigint NOT NULL,
    permission_id integer NOT NULL
);


ALTER TABLE public.auth_foyer_user_user_permissions OWNER TO hestia;

--
-- Name: auth_foyer_user_user_permissions_id_seq; Type: SEQUENCE; Schema: public; Owner: hestia
--

ALTER TABLE public.auth_foyer_user_user_permissions ALTER COLUMN id ADD GENERATED BY DEFAULT AS IDENTITY (
    SEQUENCE NAME public.auth_foyer_user_user_permissions_id_seq
    START WITH 1
    INCREMENT BY 1
    NO MINVALUE
    NO MAXVALUE
    CACHE 1
);


--
-- Name: auth_group; Type: TABLE; Schema: public; Owner: hestia
--

CREATE TABLE public.auth_group (
    id integer NOT NULL,
    name character varying(150) NOT NULL
);


ALTER TABLE public.auth_group OWNER TO hestia;

--
-- Name: auth_group_id_seq; Type: SEQUENCE; Schema: public; Owner: hestia
--

ALTER TABLE public.auth_group ALTER COLUMN id ADD GENERATED BY DEFAULT AS IDENTITY (
    SEQUENCE NAME public.auth_group_id_seq
    START WITH 1
    INCREMENT BY 1
    NO MINVALUE
    NO MAXVALUE
    CACHE 1
);


--
-- Name: auth_group_permissions; Type: TABLE; Schema: public; Owner: hestia
--

CREATE TABLE public.auth_group_permissions (
    id bigint NOT NULL,
    group_id integer NOT NULL,
    permission_id integer NOT NULL
);


ALTER TABLE public.auth_group_permissions OWNER TO hestia;

--
-- Name: auth_group_permissions_id_seq; Type: SEQUENCE; Schema: public; Owner: hestia
--

ALTER TABLE public.auth_group_permissions ALTER COLUMN id ADD GENERATED BY DEFAULT AS IDENTITY (
    SEQUENCE NAME public.auth_group_permissions_id_seq
    START WITH 1
    INCREMENT BY 1
    NO MINVALUE
    NO MAXVALUE
    CACHE 1
);


--
-- Name: auth_permission; Type: TABLE; Schema: public; Owner: hestia
--

CREATE TABLE public.auth_permission (
    id integer NOT NULL,
    name character varying(255) NOT NULL,
    content_type_id integer NOT NULL,
    codename character varying(100) NOT NULL
);


ALTER TABLE public.auth_permission OWNER TO hestia;

--
-- Name: auth_permission_id_seq; Type: SEQUENCE; Schema: public; Owner: hestia
--

ALTER TABLE public.auth_permission ALTER COLUMN id ADD GENERATED BY DEFAULT AS IDENTITY (
    SEQUENCE NAME public.auth_permission_id_seq
    START WITH 1
    INCREMENT BY 1
    NO MINVALUE
    NO MAXVALUE
    CACHE 1
);


--
-- Name: django_admin_log; Type: TABLE; Schema: public; Owner: hestia
--

CREATE TABLE public.django_admin_log (
    id integer NOT NULL,
    action_time timestamp with time zone NOT NULL,
    object_id text,
    object_repr character varying(200) NOT NULL,
    action_flag smallint NOT NULL,
    change_message text NOT NULL,
    content_type_id integer,
    user_id bigint NOT NULL,
    CONSTRAINT django_admin_log_action_flag_check CHECK ((action_flag >= 0))
);


ALTER TABLE public.django_admin_log OWNER TO hestia;

--
-- Name: django_admin_log_id_seq; Type: SEQUENCE; Schema: public; Owner: hestia
--

ALTER TABLE public.django_admin_log ALTER COLUMN id ADD GENERATED BY DEFAULT AS IDENTITY (
    SEQUENCE NAME public.django_admin_log_id_seq
    START WITH 1
    INCREMENT BY 1
    NO MINVALUE
    NO MAXVALUE
    CACHE 1
);


--
-- Name: django_content_type; Type: TABLE; Schema: public; Owner: hestia
--

CREATE TABLE public.django_content_type (
    id integer NOT NULL,
    app_label character varying(100) NOT NULL,
    model character varying(100) NOT NULL
);


ALTER TABLE public.django_content_type OWNER TO hestia;

--
-- Name: django_content_type_id_seq; Type: SEQUENCE; Schema: public; Owner: hestia
--

ALTER TABLE public.django_content_type ALTER COLUMN id ADD GENERATED BY DEFAULT AS IDENTITY (
    SEQUENCE NAME public.django_content_type_id_seq
    START WITH 1
    INCREMENT BY 1
    NO MINVALUE
    NO MAXVALUE
    CACHE 1
);


--
-- Name: django_migrations; Type: TABLE; Schema: public; Owner: hestia
--

CREATE TABLE public.django_migrations (
    id bigint NOT NULL,
    app character varying(255) NOT NULL,
    name character varying(255) NOT NULL,
    applied timestamp with time zone NOT NULL
);


ALTER TABLE public.django_migrations OWNER TO hestia;

--
-- Name: django_migrations_id_seq; Type: SEQUENCE; Schema: public; Owner: hestia
--

ALTER TABLE public.django_migrations ALTER COLUMN id ADD GENERATED BY DEFAULT AS IDENTITY (
    SEQUENCE NAME public.django_migrations_id_seq
    START WITH 1
    INCREMENT BY 1
    NO MINVALUE
    NO MAXVALUE
    CACHE 1
);


--
-- Name: django_session; Type: TABLE; Schema: public; Owner: hestia
--

CREATE TABLE public.django_session (
    session_key character varying(40) NOT NULL,
    session_data text NOT NULL,
    expire_date timestamp with time zone NOT NULL
);


ALTER TABLE public.django_session OWNER TO hestia;

--
-- Name: inventory_lot; Type: TABLE; Schema: public; Owner: hestia
--

CREATE TABLE public.inventory_lot (
    id bigint NOT NULL,
    quantite double precision NOT NULL,
    date_achat date NOT NULL,
    date_peremption date,
    prix_payer double precision,
    created_at timestamp with time zone NOT NULL,
    created_by_id bigint,
    foyer_id bigint NOT NULL,
    produit_id bigint,
    aliment_id bigint NOT NULL
);


ALTER TABLE public.inventory_lot OWNER TO hestia;

--
-- Name: inventory_lot_id_seq; Type: SEQUENCE; Schema: public; Owner: hestia
--

ALTER TABLE public.inventory_lot ALTER COLUMN id ADD GENERATED BY DEFAULT AS IDENTITY (
    SEQUENCE NAME public.inventory_lot_id_seq
    START WITH 1
    INCREMENT BY 1
    NO MINVALUE
    NO MAXVALUE
    CACHE 1
);


--
-- Name: notifications_notification; Type: TABLE; Schema: public; Owner: hestia
--

CREATE TABLE public.notifications_notification (
    id bigint NOT NULL,
    type character varying(20) NOT NULL,
    is_read boolean NOT NULL,
    created_at timestamp with time zone NOT NULL,
    foyer_id bigint NOT NULL,
    lot_id bigint NOT NULL,
    user_id bigint NOT NULL
);


ALTER TABLE public.notifications_notification OWNER TO hestia;

--
-- Name: notifications_notification_id_seq; Type: SEQUENCE; Schema: public; Owner: hestia
--

ALTER TABLE public.notifications_notification ALTER COLUMN id ADD GENERATED BY DEFAULT AS IDENTITY (
    SEQUENCE NAME public.notifications_notification_id_seq
    START WITH 1
    INCREMENT BY 1
    NO MINVALUE
    NO MAXVALUE
    CACHE 1
);


--
-- Name: nutrition_aliment; Type: TABLE; Schema: public; Owner: hestia
--

CREATE TABLE public.nutrition_aliment (
    id bigint NOT NULL,
    nom character varying(255) NOT NULL,
    calories double precision NOT NULL,
    proteines double precision NOT NULL,
    glucides double precision NOT NULL,
    lipides double precision NOT NULL,
    fibres double precision NOT NULL,
    quantite_reference double precision NOT NULL,
    unite_reference character varying(10) NOT NULL,
    off_id character varying(100),
    derniere_utilisation timestamp with time zone,
    created_at timestamp with time zone NOT NULL,
    created_by_id bigint,
    foyer_id bigint NOT NULL,
    categorie_id bigint
);


ALTER TABLE public.nutrition_aliment OWNER TO hestia;

--
-- Name: nutrition_aliment_id_seq; Type: SEQUENCE; Schema: public; Owner: hestia
--

ALTER TABLE public.nutrition_aliment ALTER COLUMN id ADD GENERATED BY DEFAULT AS IDENTITY (
    SEQUENCE NAME public.nutrition_aliment_id_seq
    START WITH 1
    INCREMENT BY 1
    NO MINVALUE
    NO MAXVALUE
    CACHE 1
);


--
-- Name: nutrition_categorie; Type: TABLE; Schema: public; Owner: hestia
--

CREATE TABLE public.nutrition_categorie (
    id bigint NOT NULL,
    nom character varying(100) NOT NULL
);


ALTER TABLE public.nutrition_categorie OWNER TO hestia;

--
-- Name: nutrition_categorie_id_seq; Type: SEQUENCE; Schema: public; Owner: hestia
--

ALTER TABLE public.nutrition_categorie ALTER COLUMN id ADD GENERATED BY DEFAULT AS IDENTITY (
    SEQUENCE NAME public.nutrition_categorie_id_seq
    START WITH 1
    INCREMENT BY 1
    NO MINVALUE
    NO MAXVALUE
    CACHE 1
);


--
-- Name: nutrition_micros; Type: TABLE; Schema: public; Owner: hestia
--

CREATE TABLE public.nutrition_micros (
    id bigint NOT NULL,
    nom character varying(100) NOT NULL,
    valeur double precision NOT NULL,
    unite character varying(10) NOT NULL,
    aliment_id bigint NOT NULL
);


ALTER TABLE public.nutrition_micros OWNER TO hestia;

--
-- Name: nutrition_micros_id_seq; Type: SEQUENCE; Schema: public; Owner: hestia
--

ALTER TABLE public.nutrition_micros ALTER COLUMN id ADD GENERATED BY DEFAULT AS IDENTITY (
    SEQUENCE NAME public.nutrition_micros_id_seq
    START WITH 1
    INCREMENT BY 1
    NO MINVALUE
    NO MAXVALUE
    CACHE 1
);


--
-- Name: nutrition_produit; Type: TABLE; Schema: public; Owner: hestia
--

CREATE TABLE public.nutrition_produit (
    id bigint NOT NULL,
    nom_commercial character varying(255) NOT NULL,
    poids_reference double precision NOT NULL,
    prix double precision,
    code_barre character varying(100),
    created_at timestamp with time zone NOT NULL,
    aliment_id bigint NOT NULL
);


ALTER TABLE public.nutrition_produit OWNER TO hestia;

--
-- Name: nutrition_produit_id_seq; Type: SEQUENCE; Schema: public; Owner: hestia
--

ALTER TABLE public.nutrition_produit ALTER COLUMN id ADD GENERATED BY DEFAULT AS IDENTITY (
    SEQUENCE NAME public.nutrition_produit_id_seq
    START WITH 1
    INCREMENT BY 1
    NO MINVALUE
    NO MAXVALUE
    CACHE 1
);


--
-- Name: planning_lignerepas; Type: TABLE; Schema: public; Owner: hestia
--

CREATE TABLE public.planning_lignerepas (
    id bigint NOT NULL,
    quantite double precision NOT NULL,
    photo character varying(500),
    calories_snapshot double precision NOT NULL,
    proteines_snapshot double precision NOT NULL,
    glucides_snapshot double precision NOT NULL,
    lipides_snapshot double precision NOT NULL,
    fibres_snapshot double precision NOT NULL,
    prix_snapshot double precision,
    lot_peremption_snapshot date,
    created_at timestamp with time zone NOT NULL,
    aliment_id bigint NOT NULL,
    repas_id bigint NOT NULL
);


ALTER TABLE public.planning_lignerepas OWNER TO hestia;

--
-- Name: planning_lignerepas_id_seq; Type: SEQUENCE; Schema: public; Owner: hestia
--

ALTER TABLE public.planning_lignerepas ALTER COLUMN id ADD GENERATED BY DEFAULT AS IDENTITY (
    SEQUENCE NAME public.planning_lignerepas_id_seq
    START WITH 1
    INCREMENT BY 1
    NO MINVALUE
    NO MAXVALUE
    CACHE 1
);


--
-- Name: planning_moment; Type: TABLE; Schema: public; Owner: hestia
--

CREATE TABLE public.planning_moment (
    id bigint NOT NULL,
    nom character varying(100) NOT NULL,
    ordre integer NOT NULL,
    is_default boolean NOT NULL,
    created_at timestamp with time zone NOT NULL,
    foyer_id bigint NOT NULL,
    CONSTRAINT planning_moment_ordre_check CHECK ((ordre >= 0))
);


ALTER TABLE public.planning_moment OWNER TO hestia;

--
-- Name: planning_moment_id_seq; Type: SEQUENCE; Schema: public; Owner: hestia
--

ALTER TABLE public.planning_moment ALTER COLUMN id ADD GENERATED BY DEFAULT AS IDENTITY (
    SEQUENCE NAME public.planning_moment_id_seq
    START WITH 1
    INCREMENT BY 1
    NO MINVALUE
    NO MAXVALUE
    CACHE 1
);


--
-- Name: planning_repas; Type: TABLE; Schema: public; Owner: hestia
--

CREATE TABLE public.planning_repas (
    id bigint NOT NULL,
    date date NOT NULL,
    moment_id bigint NOT NULL,
    user_id bigint NOT NULL
);


ALTER TABLE public.planning_repas OWNER TO hestia;

--
-- Name: planning_repas_id_seq; Type: SEQUENCE; Schema: public; Owner: hestia
--

ALTER TABLE public.planning_repas ALTER COLUMN id ADD GENERATED BY DEFAULT AS IDENTITY (
    SEQUENCE NAME public.planning_repas_id_seq
    START WITH 1
    INCREMENT BY 1
    NO MINVALUE
    NO MAXVALUE
    CACHE 1
);


--
-- Name: shopping_lignecourses; Type: TABLE; Schema: public; Owner: hestia
--

CREATE TABLE public.shopping_lignecourses (
    id bigint NOT NULL,
    nom_libre character varying(255),
    quantite double precision,
    is_checked boolean NOT NULL,
    checked_at timestamp with time zone,
    created_at timestamp with time zone NOT NULL,
    aliment_id bigint,
    created_by_id bigint,
    lot_id bigint,
    produit_id bigint,
    liste_id bigint NOT NULL
);


ALTER TABLE public.shopping_lignecourses OWNER TO hestia;

--
-- Name: shopping_lignecourses_id_seq; Type: SEQUENCE; Schema: public; Owner: hestia
--

ALTER TABLE public.shopping_lignecourses ALTER COLUMN id ADD GENERATED BY DEFAULT AS IDENTITY (
    SEQUENCE NAME public.shopping_lignecourses_id_seq
    START WITH 1
    INCREMENT BY 1
    NO MINVALUE
    NO MAXVALUE
    CACHE 1
);


--
-- Name: shopping_listecourses; Type: TABLE; Schema: public; Owner: hestia
--

CREATE TABLE public.shopping_listecourses (
    id bigint NOT NULL,
    statut character varying(20) NOT NULL,
    created_at timestamp with time zone NOT NULL,
    foyer_id bigint NOT NULL
);


ALTER TABLE public.shopping_listecourses OWNER TO hestia;

--
-- Name: shopping_listecourses_id_seq; Type: SEQUENCE; Schema: public; Owner: hestia
--

ALTER TABLE public.shopping_listecourses ALTER COLUMN id ADD GENERATED BY DEFAULT AS IDENTITY (
    SEQUENCE NAME public.shopping_listecourses_id_seq
    START WITH 1
    INCREMENT BY 1
    NO MINVALUE
    NO MAXVALUE
    CACHE 1
);


--
-- Data for Name: auth_foyer_foyer; Type: TABLE DATA; Schema: public; Owner: hestia
--

COPY public.auth_foyer_foyer (id, nom, code, created_at) FROM stdin;
1	Foyer de Amaury	FH-QCS5EX	2026-04-08 13:01:09.027732+00
2	Foyer de amaury	FH-SV4VAF	2026-04-22 08:25:40.35454+00
\.


--
-- Data for Name: auth_foyer_membrefoyer; Type: TABLE DATA; Schema: public; Owner: hestia
--

COPY public.auth_foyer_membrefoyer (id, role, joined_at, foyer_id, user_id) FROM stdin;
1	admin	2026-04-08 13:01:09.029035+00	1	1
2	admin	2026-04-22 08:25:40.356204+00	2	2
\.


--
-- Data for Name: auth_foyer_user; Type: TABLE DATA; Schema: public; Owner: hestia
--

COPY public.auth_foyer_user (id, password, last_login, is_superuser, email, first_name, last_name, is_verified, is_active, is_staff, created_at, calories_cibles, proteines_cibles, glucides_cibles, lipides_cibles, fibres_cibles) FROM stdin;
1	pbkdf2_sha256$720000$mmZdsV3LoqXNRujCiSqMeu$l7VNHjKL+hwLfYtBTi3v+vXGeEhi3ZHeJxhDt0Y9SZc=	\N	f	amaury@test.com	Amaury	Perrin	f	t	f	2026-04-08 13:01:09.018079+00	\N	\N	\N	\N	\N
2	pbkdf2_sha256$720000$Doweme1XawGDAWhrxyfj5w$azVC4oA0+A2ILzN/Px6b0zjBfMHbNXVBKrsSTlzGhsg=	\N	f	test@test.com	amaury	perrin	f	t	f	2026-04-22 08:25:40.342729+00	\N	\N	\N	\N	\N
\.


--
-- Data for Name: auth_foyer_user_groups; Type: TABLE DATA; Schema: public; Owner: hestia
--

COPY public.auth_foyer_user_groups (id, user_id, group_id) FROM stdin;
\.


--
-- Data for Name: auth_foyer_user_user_permissions; Type: TABLE DATA; Schema: public; Owner: hestia
--

COPY public.auth_foyer_user_user_permissions (id, user_id, permission_id) FROM stdin;
\.


--
-- Data for Name: auth_group; Type: TABLE DATA; Schema: public; Owner: hestia
--

COPY public.auth_group (id, name) FROM stdin;
\.


--
-- Data for Name: auth_group_permissions; Type: TABLE DATA; Schema: public; Owner: hestia
--

COPY public.auth_group_permissions (id, group_id, permission_id) FROM stdin;
\.


--
-- Data for Name: auth_permission; Type: TABLE DATA; Schema: public; Owner: hestia
--

COPY public.auth_permission (id, name, content_type_id, codename) FROM stdin;
1	Can add log entry	1	add_logentry
2	Can change log entry	1	change_logentry
3	Can delete log entry	1	delete_logentry
4	Can view log entry	1	view_logentry
5	Can add permission	2	add_permission
6	Can change permission	2	change_permission
7	Can delete permission	2	delete_permission
8	Can view permission	2	view_permission
9	Can add group	3	add_group
10	Can change group	3	change_group
11	Can delete group	3	delete_group
12	Can view group	3	view_group
13	Can add content type	4	add_contenttype
14	Can change content type	4	change_contenttype
15	Can delete content type	4	delete_contenttype
16	Can view content type	4	view_contenttype
17	Can add session	5	add_session
18	Can change session	5	change_session
19	Can delete session	5	delete_session
20	Can view session	5	view_session
21	Can add foyer	6	add_foyer
22	Can change foyer	6	change_foyer
23	Can delete foyer	6	delete_foyer
24	Can view foyer	6	view_foyer
25	Can add Utilisateur	7	add_user
26	Can change Utilisateur	7	change_user
27	Can delete Utilisateur	7	delete_user
28	Can view Utilisateur	7	view_user
29	Can add membre foyer	8	add_membrefoyer
30	Can change membre foyer	8	change_membrefoyer
31	Can delete membre foyer	8	delete_membrefoyer
32	Can view membre foyer	8	view_membrefoyer
33	Can add categorie	9	add_categorie
34	Can change categorie	9	change_categorie
35	Can delete categorie	9	delete_categorie
36	Can view categorie	9	view_categorie
37	Can add aliment	10	add_aliment
38	Can change aliment	10	change_aliment
39	Can delete aliment	10	delete_aliment
40	Can view aliment	10	view_aliment
41	Can add micros	11	add_micros
42	Can change micros	11	change_micros
43	Can delete micros	11	delete_micros
44	Can view micros	11	view_micros
45	Can add produit	12	add_produit
46	Can change produit	12	change_produit
47	Can delete produit	12	delete_produit
48	Can view produit	12	view_produit
49	Can add lot	13	add_lot
50	Can change lot	13	change_lot
51	Can delete lot	13	delete_lot
52	Can view lot	13	view_lot
53	Can add moment	14	add_moment
54	Can change moment	14	change_moment
55	Can delete moment	14	delete_moment
56	Can view moment	14	view_moment
57	Can add repas	15	add_repas
58	Can change repas	15	change_repas
59	Can delete repas	15	delete_repas
60	Can view repas	15	view_repas
61	Can add ligne repas	16	add_lignerepas
62	Can change ligne repas	16	change_lignerepas
63	Can delete ligne repas	16	delete_lignerepas
64	Can view ligne repas	16	view_lignerepas
65	Can add liste courses	17	add_listecourses
66	Can change liste courses	17	change_listecourses
67	Can delete liste courses	17	delete_listecourses
68	Can view liste courses	17	view_listecourses
69	Can add ligne courses	18	add_lignecourses
70	Can change ligne courses	18	change_lignecourses
71	Can delete ligne courses	18	delete_lignecourses
72	Can view ligne courses	18	view_lignecourses
73	Can add notification	19	add_notification
74	Can change notification	19	change_notification
75	Can delete notification	19	delete_notification
76	Can view notification	19	view_notification
\.


--
-- Data for Name: django_admin_log; Type: TABLE DATA; Schema: public; Owner: hestia
--

COPY public.django_admin_log (id, action_time, object_id, object_repr, action_flag, change_message, content_type_id, user_id) FROM stdin;
\.


--
-- Data for Name: django_content_type; Type: TABLE DATA; Schema: public; Owner: hestia
--

COPY public.django_content_type (id, app_label, model) FROM stdin;
1	admin	logentry
2	auth	permission
3	auth	group
4	contenttypes	contenttype
5	sessions	session
6	auth_foyer	foyer
7	auth_foyer	user
8	auth_foyer	membrefoyer
9	nutrition	categorie
10	nutrition	aliment
11	nutrition	micros
12	nutrition	produit
13	inventory	lot
14	planning	moment
15	planning	repas
16	planning	lignerepas
17	shopping	listecourses
18	shopping	lignecourses
19	notifications	notification
\.


--
-- Data for Name: django_migrations; Type: TABLE DATA; Schema: public; Owner: hestia
--

COPY public.django_migrations (id, app, name, applied) FROM stdin;
1	contenttypes	0001_initial	2026-04-08 12:22:23.768913+00
2	contenttypes	0002_remove_content_type_name	2026-04-08 12:22:23.773848+00
3	auth	0001_initial	2026-04-08 12:22:23.805724+00
4	auth	0002_alter_permission_name_max_length	2026-04-08 12:22:23.808617+00
5	auth	0003_alter_user_email_max_length	2026-04-08 12:22:23.811465+00
6	auth	0004_alter_user_username_opts	2026-04-08 12:22:23.815069+00
7	auth	0005_alter_user_last_login_null	2026-04-08 12:22:23.818208+00
8	auth	0006_require_contenttypes_0002	2026-04-08 12:22:23.819445+00
9	auth	0007_alter_validators_add_error_messages	2026-04-08 12:22:23.822615+00
10	auth	0008_alter_user_username_max_length	2026-04-08 12:22:23.825661+00
11	auth	0009_alter_user_last_name_max_length	2026-04-08 12:22:23.829498+00
12	auth	0010_alter_group_name_max_length	2026-04-08 12:22:23.834641+00
13	auth	0011_update_proxy_permissions	2026-04-08 12:22:23.839731+00
14	auth	0012_alter_user_first_name_max_length	2026-04-08 12:22:23.844144+00
15	auth_foyer	0001_initial	2026-04-08 12:22:23.891896+00
16	admin	0001_initial	2026-04-08 12:22:23.912495+00
17	admin	0002_logentry_remove_auto_add	2026-04-08 12:22:23.91691+00
18	admin	0003_logentry_add_action_flag_choices	2026-04-08 12:22:23.921595+00
19	nutrition	0001_initial	2026-04-08 12:22:23.967994+00
20	inventory	0001_initial	2026-04-08 12:22:23.984424+00
21	notifications	0001_initial	2026-04-08 12:22:24.003703+00
22	planning	0001_initial	2026-04-08 12:22:24.064678+00
23	sessions	0001_initial	2026-04-08 12:22:24.075286+00
24	shopping	0001_initial	2026-04-08 12:22:24.113862+00
25	inventory	0002_lot_aliment_alter_lot_produit	2026-04-22 07:49:30.288543+00
26	planning	0002_rename_planning_lignerepas_repas	2026-04-22 08:54:32.642223+00
\.


--
-- Data for Name: django_session; Type: TABLE DATA; Schema: public; Owner: hestia
--

COPY public.django_session (session_key, session_data, expire_date) FROM stdin;
\.


--
-- Data for Name: inventory_lot; Type: TABLE DATA; Schema: public; Owner: hestia
--

COPY public.inventory_lot (id, quantite, date_achat, date_peremption, prix_payer, created_at, created_by_id, foyer_id, produit_id, aliment_id) FROM stdin;
1	550	2026-04-22	2026-05-22	3.5	2026-04-22 08:48:13.836359+00	2	2	\N	1
2	150	2026-04-22	2026-05-22	\N	2026-04-22 13:39:11.505229+00	2	2	\N	1
\.


--
-- Data for Name: notifications_notification; Type: TABLE DATA; Schema: public; Owner: hestia
--

COPY public.notifications_notification (id, type, is_read, created_at, foyer_id, lot_id, user_id) FROM stdin;
\.


--
-- Data for Name: nutrition_aliment; Type: TABLE DATA; Schema: public; Owner: hestia
--

COPY public.nutrition_aliment (id, nom, calories, proteines, glucides, lipides, fibres, quantite_reference, unite_reference, off_id, derniere_utilisation, created_at, created_by_id, foyer_id, categorie_id) FROM stdin;
1	Patates	77	2	17	0.1	2.2	100	g	\N	2026-04-22 08:56:49.694709+00	2026-04-22 08:47:54.44847+00	2	2	1
\.


--
-- Data for Name: nutrition_categorie; Type: TABLE DATA; Schema: public; Owner: hestia
--

COPY public.nutrition_categorie (id, nom) FROM stdin;
1	Légumes
\.


--
-- Data for Name: nutrition_micros; Type: TABLE DATA; Schema: public; Owner: hestia
--

COPY public.nutrition_micros (id, nom, valeur, unite, aliment_id) FROM stdin;
\.


--
-- Data for Name: nutrition_produit; Type: TABLE DATA; Schema: public; Owner: hestia
--

COPY public.nutrition_produit (id, nom_commercial, poids_reference, prix, code_barre, created_at, aliment_id) FROM stdin;
\.


--
-- Data for Name: planning_lignerepas; Type: TABLE DATA; Schema: public; Owner: hestia
--

COPY public.planning_lignerepas (id, quantite, photo, calories_snapshot, proteines_snapshot, glucides_snapshot, lipides_snapshot, fibres_snapshot, prix_snapshot, lot_peremption_snapshot, created_at, aliment_id, repas_id) FROM stdin;
1	150	\N	115.5	3	25.5	0.15000000000000002	3.3000000000000003	0.6176470588235294	2026-05-22	2026-04-22 08:55:22.940241+00	1	1
\.


--
-- Data for Name: planning_moment; Type: TABLE DATA; Schema: public; Owner: hestia
--

COPY public.planning_moment (id, nom, ordre, is_default, created_at, foyer_id) FROM stdin;
1	Petit-déjeuner	1	t	2026-04-22 08:25:40.358778+00	2
2	Déjeuner	2	t	2026-04-22 08:25:40.360118+00	2
3	Collation	3	t	2026-04-22 08:25:40.360916+00	2
4	Dîner	4	t	2026-04-22 08:25:40.361639+00	2
\.


--
-- Data for Name: planning_repas; Type: TABLE DATA; Schema: public; Owner: hestia
--

COPY public.planning_repas (id, date, moment_id, user_id) FROM stdin;
1	2026-04-22	2	2
\.


--
-- Data for Name: shopping_lignecourses; Type: TABLE DATA; Schema: public; Owner: hestia
--

COPY public.shopping_lignecourses (id, nom_libre, quantite, is_checked, checked_at, created_at, aliment_id, created_by_id, lot_id, produit_id, liste_id) FROM stdin;
2	Papier toilette	\N	f	\N	2026-04-22 15:20:10.936539+00	\N	2	\N	\N	1
\.


--
-- Data for Name: shopping_listecourses; Type: TABLE DATA; Schema: public; Owner: hestia
--

COPY public.shopping_listecourses (id, statut, created_at, foyer_id) FROM stdin;
1	active	2026-04-22 15:19:36.207176+00	2
\.


--
-- Name: auth_foyer_foyer_id_seq; Type: SEQUENCE SET; Schema: public; Owner: hestia
--

SELECT pg_catalog.setval('public.auth_foyer_foyer_id_seq', 2, true);


--
-- Name: auth_foyer_membrefoyer_id_seq; Type: SEQUENCE SET; Schema: public; Owner: hestia
--

SELECT pg_catalog.setval('public.auth_foyer_membrefoyer_id_seq', 2, true);


--
-- Name: auth_foyer_user_groups_id_seq; Type: SEQUENCE SET; Schema: public; Owner: hestia
--

SELECT pg_catalog.setval('public.auth_foyer_user_groups_id_seq', 1, false);


--
-- Name: auth_foyer_user_id_seq; Type: SEQUENCE SET; Schema: public; Owner: hestia
--

SELECT pg_catalog.setval('public.auth_foyer_user_id_seq', 2, true);


--
-- Name: auth_foyer_user_user_permissions_id_seq; Type: SEQUENCE SET; Schema: public; Owner: hestia
--

SELECT pg_catalog.setval('public.auth_foyer_user_user_permissions_id_seq', 1, false);


--
-- Name: auth_group_id_seq; Type: SEQUENCE SET; Schema: public; Owner: hestia
--

SELECT pg_catalog.setval('public.auth_group_id_seq', 1, false);


--
-- Name: auth_group_permissions_id_seq; Type: SEQUENCE SET; Schema: public; Owner: hestia
--

SELECT pg_catalog.setval('public.auth_group_permissions_id_seq', 1, false);


--
-- Name: auth_permission_id_seq; Type: SEQUENCE SET; Schema: public; Owner: hestia
--

SELECT pg_catalog.setval('public.auth_permission_id_seq', 76, true);


--
-- Name: django_admin_log_id_seq; Type: SEQUENCE SET; Schema: public; Owner: hestia
--

SELECT pg_catalog.setval('public.django_admin_log_id_seq', 1, false);


--
-- Name: django_content_type_id_seq; Type: SEQUENCE SET; Schema: public; Owner: hestia
--

SELECT pg_catalog.setval('public.django_content_type_id_seq', 19, true);


--
-- Name: django_migrations_id_seq; Type: SEQUENCE SET; Schema: public; Owner: hestia
--

SELECT pg_catalog.setval('public.django_migrations_id_seq', 26, true);


--
-- Name: inventory_lot_id_seq; Type: SEQUENCE SET; Schema: public; Owner: hestia
--

SELECT pg_catalog.setval('public.inventory_lot_id_seq', 2, true);


--
-- Name: notifications_notification_id_seq; Type: SEQUENCE SET; Schema: public; Owner: hestia
--

SELECT pg_catalog.setval('public.notifications_notification_id_seq', 1, false);


--
-- Name: nutrition_aliment_id_seq; Type: SEQUENCE SET; Schema: public; Owner: hestia
--

SELECT pg_catalog.setval('public.nutrition_aliment_id_seq', 1, true);


--
-- Name: nutrition_categorie_id_seq; Type: SEQUENCE SET; Schema: public; Owner: hestia
--

SELECT pg_catalog.setval('public.nutrition_categorie_id_seq', 1, true);


--
-- Name: nutrition_micros_id_seq; Type: SEQUENCE SET; Schema: public; Owner: hestia
--

SELECT pg_catalog.setval('public.nutrition_micros_id_seq', 1, false);


--
-- Name: nutrition_produit_id_seq; Type: SEQUENCE SET; Schema: public; Owner: hestia
--

SELECT pg_catalog.setval('public.nutrition_produit_id_seq', 1, false);


--
-- Name: planning_lignerepas_id_seq; Type: SEQUENCE SET; Schema: public; Owner: hestia
--

SELECT pg_catalog.setval('public.planning_lignerepas_id_seq', 2, true);


--
-- Name: planning_moment_id_seq; Type: SEQUENCE SET; Schema: public; Owner: hestia
--

SELECT pg_catalog.setval('public.planning_moment_id_seq', 4, true);


--
-- Name: planning_repas_id_seq; Type: SEQUENCE SET; Schema: public; Owner: hestia
--

SELECT pg_catalog.setval('public.planning_repas_id_seq', 1, true);


--
-- Name: shopping_lignecourses_id_seq; Type: SEQUENCE SET; Schema: public; Owner: hestia
--

SELECT pg_catalog.setval('public.shopping_lignecourses_id_seq', 2, true);


--
-- Name: shopping_listecourses_id_seq; Type: SEQUENCE SET; Schema: public; Owner: hestia
--

SELECT pg_catalog.setval('public.shopping_listecourses_id_seq', 1, true);


--
-- Name: auth_foyer_foyer auth_foyer_foyer_code_key; Type: CONSTRAINT; Schema: public; Owner: hestia
--

ALTER TABLE ONLY public.auth_foyer_foyer
    ADD CONSTRAINT auth_foyer_foyer_code_key UNIQUE (code);


--
-- Name: auth_foyer_foyer auth_foyer_foyer_pkey; Type: CONSTRAINT; Schema: public; Owner: hestia
--

ALTER TABLE ONLY public.auth_foyer_foyer
    ADD CONSTRAINT auth_foyer_foyer_pkey PRIMARY KEY (id);


--
-- Name: auth_foyer_membrefoyer auth_foyer_membrefoyer_pkey; Type: CONSTRAINT; Schema: public; Owner: hestia
--

ALTER TABLE ONLY public.auth_foyer_membrefoyer
    ADD CONSTRAINT auth_foyer_membrefoyer_pkey PRIMARY KEY (id);


--
-- Name: auth_foyer_membrefoyer auth_foyer_membrefoyer_user_id_foyer_id_7f30aee6_uniq; Type: CONSTRAINT; Schema: public; Owner: hestia
--

ALTER TABLE ONLY public.auth_foyer_membrefoyer
    ADD CONSTRAINT auth_foyer_membrefoyer_user_id_foyer_id_7f30aee6_uniq UNIQUE (user_id, foyer_id);


--
-- Name: auth_foyer_user auth_foyer_user_email_key; Type: CONSTRAINT; Schema: public; Owner: hestia
--

ALTER TABLE ONLY public.auth_foyer_user
    ADD CONSTRAINT auth_foyer_user_email_key UNIQUE (email);


--
-- Name: auth_foyer_user_groups auth_foyer_user_groups_pkey; Type: CONSTRAINT; Schema: public; Owner: hestia
--

ALTER TABLE ONLY public.auth_foyer_user_groups
    ADD CONSTRAINT auth_foyer_user_groups_pkey PRIMARY KEY (id);


--
-- Name: auth_foyer_user_groups auth_foyer_user_groups_user_id_group_id_ccba4514_uniq; Type: CONSTRAINT; Schema: public; Owner: hestia
--

ALTER TABLE ONLY public.auth_foyer_user_groups
    ADD CONSTRAINT auth_foyer_user_groups_user_id_group_id_ccba4514_uniq UNIQUE (user_id, group_id);


--
-- Name: auth_foyer_user auth_foyer_user_pkey; Type: CONSTRAINT; Schema: public; Owner: hestia
--

ALTER TABLE ONLY public.auth_foyer_user
    ADD CONSTRAINT auth_foyer_user_pkey PRIMARY KEY (id);


--
-- Name: auth_foyer_user_user_permissions auth_foyer_user_user_per_user_id_permission_id_b7e85fbe_uniq; Type: CONSTRAINT; Schema: public; Owner: hestia
--

ALTER TABLE ONLY public.auth_foyer_user_user_permissions
    ADD CONSTRAINT auth_foyer_user_user_per_user_id_permission_id_b7e85fbe_uniq UNIQUE (user_id, permission_id);


--
-- Name: auth_foyer_user_user_permissions auth_foyer_user_user_permissions_pkey; Type: CONSTRAINT; Schema: public; Owner: hestia
--

ALTER TABLE ONLY public.auth_foyer_user_user_permissions
    ADD CONSTRAINT auth_foyer_user_user_permissions_pkey PRIMARY KEY (id);


--
-- Name: auth_group auth_group_name_key; Type: CONSTRAINT; Schema: public; Owner: hestia
--

ALTER TABLE ONLY public.auth_group
    ADD CONSTRAINT auth_group_name_key UNIQUE (name);


--
-- Name: auth_group_permissions auth_group_permissions_group_id_permission_id_0cd325b0_uniq; Type: CONSTRAINT; Schema: public; Owner: hestia
--

ALTER TABLE ONLY public.auth_group_permissions
    ADD CONSTRAINT auth_group_permissions_group_id_permission_id_0cd325b0_uniq UNIQUE (group_id, permission_id);


--
-- Name: auth_group_permissions auth_group_permissions_pkey; Type: CONSTRAINT; Schema: public; Owner: hestia
--

ALTER TABLE ONLY public.auth_group_permissions
    ADD CONSTRAINT auth_group_permissions_pkey PRIMARY KEY (id);


--
-- Name: auth_group auth_group_pkey; Type: CONSTRAINT; Schema: public; Owner: hestia
--

ALTER TABLE ONLY public.auth_group
    ADD CONSTRAINT auth_group_pkey PRIMARY KEY (id);


--
-- Name: auth_permission auth_permission_content_type_id_codename_01ab375a_uniq; Type: CONSTRAINT; Schema: public; Owner: hestia
--

ALTER TABLE ONLY public.auth_permission
    ADD CONSTRAINT auth_permission_content_type_id_codename_01ab375a_uniq UNIQUE (content_type_id, codename);


--
-- Name: auth_permission auth_permission_pkey; Type: CONSTRAINT; Schema: public; Owner: hestia
--

ALTER TABLE ONLY public.auth_permission
    ADD CONSTRAINT auth_permission_pkey PRIMARY KEY (id);


--
-- Name: django_admin_log django_admin_log_pkey; Type: CONSTRAINT; Schema: public; Owner: hestia
--

ALTER TABLE ONLY public.django_admin_log
    ADD CONSTRAINT django_admin_log_pkey PRIMARY KEY (id);


--
-- Name: django_content_type django_content_type_app_label_model_76bd3d3b_uniq; Type: CONSTRAINT; Schema: public; Owner: hestia
--

ALTER TABLE ONLY public.django_content_type
    ADD CONSTRAINT django_content_type_app_label_model_76bd3d3b_uniq UNIQUE (app_label, model);


--
-- Name: django_content_type django_content_type_pkey; Type: CONSTRAINT; Schema: public; Owner: hestia
--

ALTER TABLE ONLY public.django_content_type
    ADD CONSTRAINT django_content_type_pkey PRIMARY KEY (id);


--
-- Name: django_migrations django_migrations_pkey; Type: CONSTRAINT; Schema: public; Owner: hestia
--

ALTER TABLE ONLY public.django_migrations
    ADD CONSTRAINT django_migrations_pkey PRIMARY KEY (id);


--
-- Name: django_session django_session_pkey; Type: CONSTRAINT; Schema: public; Owner: hestia
--

ALTER TABLE ONLY public.django_session
    ADD CONSTRAINT django_session_pkey PRIMARY KEY (session_key);


--
-- Name: inventory_lot inventory_lot_pkey; Type: CONSTRAINT; Schema: public; Owner: hestia
--

ALTER TABLE ONLY public.inventory_lot
    ADD CONSTRAINT inventory_lot_pkey PRIMARY KEY (id);


--
-- Name: notifications_notification notifications_notification_pkey; Type: CONSTRAINT; Schema: public; Owner: hestia
--

ALTER TABLE ONLY public.notifications_notification
    ADD CONSTRAINT notifications_notification_pkey PRIMARY KEY (id);


--
-- Name: nutrition_aliment nutrition_aliment_pkey; Type: CONSTRAINT; Schema: public; Owner: hestia
--

ALTER TABLE ONLY public.nutrition_aliment
    ADD CONSTRAINT nutrition_aliment_pkey PRIMARY KEY (id);


--
-- Name: nutrition_categorie nutrition_categorie_pkey; Type: CONSTRAINT; Schema: public; Owner: hestia
--

ALTER TABLE ONLY public.nutrition_categorie
    ADD CONSTRAINT nutrition_categorie_pkey PRIMARY KEY (id);


--
-- Name: nutrition_micros nutrition_micros_pkey; Type: CONSTRAINT; Schema: public; Owner: hestia
--

ALTER TABLE ONLY public.nutrition_micros
    ADD CONSTRAINT nutrition_micros_pkey PRIMARY KEY (id);


--
-- Name: nutrition_produit nutrition_produit_pkey; Type: CONSTRAINT; Schema: public; Owner: hestia
--

ALTER TABLE ONLY public.nutrition_produit
    ADD CONSTRAINT nutrition_produit_pkey PRIMARY KEY (id);


--
-- Name: planning_lignerepas planning_lignerepas_pkey; Type: CONSTRAINT; Schema: public; Owner: hestia
--

ALTER TABLE ONLY public.planning_lignerepas
    ADD CONSTRAINT planning_lignerepas_pkey PRIMARY KEY (id);


--
-- Name: planning_moment planning_moment_pkey; Type: CONSTRAINT; Schema: public; Owner: hestia
--

ALTER TABLE ONLY public.planning_moment
    ADD CONSTRAINT planning_moment_pkey PRIMARY KEY (id);


--
-- Name: planning_repas planning_repas_pkey; Type: CONSTRAINT; Schema: public; Owner: hestia
--

ALTER TABLE ONLY public.planning_repas
    ADD CONSTRAINT planning_repas_pkey PRIMARY KEY (id);


--
-- Name: planning_repas planning_repas_user_id_date_moment_id_6a3464f2_uniq; Type: CONSTRAINT; Schema: public; Owner: hestia
--

ALTER TABLE ONLY public.planning_repas
    ADD CONSTRAINT planning_repas_user_id_date_moment_id_6a3464f2_uniq UNIQUE (user_id, date, moment_id);


--
-- Name: shopping_lignecourses shopping_lignecourses_pkey; Type: CONSTRAINT; Schema: public; Owner: hestia
--

ALTER TABLE ONLY public.shopping_lignecourses
    ADD CONSTRAINT shopping_lignecourses_pkey PRIMARY KEY (id);


--
-- Name: shopping_listecourses shopping_listecourses_pkey; Type: CONSTRAINT; Schema: public; Owner: hestia
--

ALTER TABLE ONLY public.shopping_listecourses
    ADD CONSTRAINT shopping_listecourses_pkey PRIMARY KEY (id);


--
-- Name: auth_foyer_foyer_code_7c268114_like; Type: INDEX; Schema: public; Owner: hestia
--

CREATE INDEX auth_foyer_foyer_code_7c268114_like ON public.auth_foyer_foyer USING btree (code varchar_pattern_ops);


--
-- Name: auth_foyer_membrefoyer_foyer_id_45941eb5; Type: INDEX; Schema: public; Owner: hestia
--

CREATE INDEX auth_foyer_membrefoyer_foyer_id_45941eb5 ON public.auth_foyer_membrefoyer USING btree (foyer_id);


--
-- Name: auth_foyer_membrefoyer_user_id_6e761509; Type: INDEX; Schema: public; Owner: hestia
--

CREATE INDEX auth_foyer_membrefoyer_user_id_6e761509 ON public.auth_foyer_membrefoyer USING btree (user_id);


--
-- Name: auth_foyer_user_email_329fc87e_like; Type: INDEX; Schema: public; Owner: hestia
--

CREATE INDEX auth_foyer_user_email_329fc87e_like ON public.auth_foyer_user USING btree (email varchar_pattern_ops);


--
-- Name: auth_foyer_user_groups_group_id_1a80af98; Type: INDEX; Schema: public; Owner: hestia
--

CREATE INDEX auth_foyer_user_groups_group_id_1a80af98 ON public.auth_foyer_user_groups USING btree (group_id);


--
-- Name: auth_foyer_user_groups_user_id_494f4fce; Type: INDEX; Schema: public; Owner: hestia
--

CREATE INDEX auth_foyer_user_groups_user_id_494f4fce ON public.auth_foyer_user_groups USING btree (user_id);


--
-- Name: auth_foyer_user_user_permissions_permission_id_9720c606; Type: INDEX; Schema: public; Owner: hestia
--

CREATE INDEX auth_foyer_user_user_permissions_permission_id_9720c606 ON public.auth_foyer_user_user_permissions USING btree (permission_id);


--
-- Name: auth_foyer_user_user_permissions_user_id_c250c2c8; Type: INDEX; Schema: public; Owner: hestia
--

CREATE INDEX auth_foyer_user_user_permissions_user_id_c250c2c8 ON public.auth_foyer_user_user_permissions USING btree (user_id);


--
-- Name: auth_group_name_a6ea08ec_like; Type: INDEX; Schema: public; Owner: hestia
--

CREATE INDEX auth_group_name_a6ea08ec_like ON public.auth_group USING btree (name varchar_pattern_ops);


--
-- Name: auth_group_permissions_group_id_b120cbf9; Type: INDEX; Schema: public; Owner: hestia
--

CREATE INDEX auth_group_permissions_group_id_b120cbf9 ON public.auth_group_permissions USING btree (group_id);


--
-- Name: auth_group_permissions_permission_id_84c5c92e; Type: INDEX; Schema: public; Owner: hestia
--

CREATE INDEX auth_group_permissions_permission_id_84c5c92e ON public.auth_group_permissions USING btree (permission_id);


--
-- Name: auth_permission_content_type_id_2f476e4b; Type: INDEX; Schema: public; Owner: hestia
--

CREATE INDEX auth_permission_content_type_id_2f476e4b ON public.auth_permission USING btree (content_type_id);


--
-- Name: django_admin_log_content_type_id_c4bce8eb; Type: INDEX; Schema: public; Owner: hestia
--

CREATE INDEX django_admin_log_content_type_id_c4bce8eb ON public.django_admin_log USING btree (content_type_id);


--
-- Name: django_admin_log_user_id_c564eba6; Type: INDEX; Schema: public; Owner: hestia
--

CREATE INDEX django_admin_log_user_id_c564eba6 ON public.django_admin_log USING btree (user_id);


--
-- Name: django_session_expire_date_a5c62663; Type: INDEX; Schema: public; Owner: hestia
--

CREATE INDEX django_session_expire_date_a5c62663 ON public.django_session USING btree (expire_date);


--
-- Name: django_session_session_key_c0390e0f_like; Type: INDEX; Schema: public; Owner: hestia
--

CREATE INDEX django_session_session_key_c0390e0f_like ON public.django_session USING btree (session_key varchar_pattern_ops);


--
-- Name: inventory_lot_aliment_id_29616546; Type: INDEX; Schema: public; Owner: hestia
--

CREATE INDEX inventory_lot_aliment_id_29616546 ON public.inventory_lot USING btree (aliment_id);


--
-- Name: inventory_lot_created_by_id_346f303a; Type: INDEX; Schema: public; Owner: hestia
--

CREATE INDEX inventory_lot_created_by_id_346f303a ON public.inventory_lot USING btree (created_by_id);


--
-- Name: inventory_lot_foyer_id_18849ec2; Type: INDEX; Schema: public; Owner: hestia
--

CREATE INDEX inventory_lot_foyer_id_18849ec2 ON public.inventory_lot USING btree (foyer_id);


--
-- Name: inventory_lot_produit_id_3c75ab20; Type: INDEX; Schema: public; Owner: hestia
--

CREATE INDEX inventory_lot_produit_id_3c75ab20 ON public.inventory_lot USING btree (produit_id);


--
-- Name: notifications_notification_foyer_id_b1c3ec1d; Type: INDEX; Schema: public; Owner: hestia
--

CREATE INDEX notifications_notification_foyer_id_b1c3ec1d ON public.notifications_notification USING btree (foyer_id);


--
-- Name: notifications_notification_lot_id_4fdc48c0; Type: INDEX; Schema: public; Owner: hestia
--

CREATE INDEX notifications_notification_lot_id_4fdc48c0 ON public.notifications_notification USING btree (lot_id);


--
-- Name: notifications_notification_user_id_b5e8c0ff; Type: INDEX; Schema: public; Owner: hestia
--

CREATE INDEX notifications_notification_user_id_b5e8c0ff ON public.notifications_notification USING btree (user_id);


--
-- Name: nutrition_aliment_categorie_id_43ad6355; Type: INDEX; Schema: public; Owner: hestia
--

CREATE INDEX nutrition_aliment_categorie_id_43ad6355 ON public.nutrition_aliment USING btree (categorie_id);


--
-- Name: nutrition_aliment_created_by_id_ef13c493; Type: INDEX; Schema: public; Owner: hestia
--

CREATE INDEX nutrition_aliment_created_by_id_ef13c493 ON public.nutrition_aliment USING btree (created_by_id);


--
-- Name: nutrition_aliment_foyer_id_2ed8d0ec; Type: INDEX; Schema: public; Owner: hestia
--

CREATE INDEX nutrition_aliment_foyer_id_2ed8d0ec ON public.nutrition_aliment USING btree (foyer_id);


--
-- Name: nutrition_micros_aliment_id_ce4a753e; Type: INDEX; Schema: public; Owner: hestia
--

CREATE INDEX nutrition_micros_aliment_id_ce4a753e ON public.nutrition_micros USING btree (aliment_id);


--
-- Name: nutrition_produit_aliment_id_30c409a9; Type: INDEX; Schema: public; Owner: hestia
--

CREATE INDEX nutrition_produit_aliment_id_30c409a9 ON public.nutrition_produit USING btree (aliment_id);


--
-- Name: planning_lignerepas_aliment_id_c13e73f9; Type: INDEX; Schema: public; Owner: hestia
--

CREATE INDEX planning_lignerepas_aliment_id_c13e73f9 ON public.planning_lignerepas USING btree (aliment_id);


--
-- Name: planning_lignerepas_planning_id_1e2f37c9; Type: INDEX; Schema: public; Owner: hestia
--

CREATE INDEX planning_lignerepas_planning_id_1e2f37c9 ON public.planning_lignerepas USING btree (repas_id);


--
-- Name: planning_moment_foyer_id_aed6a27d; Type: INDEX; Schema: public; Owner: hestia
--

CREATE INDEX planning_moment_foyer_id_aed6a27d ON public.planning_moment USING btree (foyer_id);


--
-- Name: planning_repas_moment_id_dc7e222b; Type: INDEX; Schema: public; Owner: hestia
--

CREATE INDEX planning_repas_moment_id_dc7e222b ON public.planning_repas USING btree (moment_id);


--
-- Name: planning_repas_user_id_69d40079; Type: INDEX; Schema: public; Owner: hestia
--

CREATE INDEX planning_repas_user_id_69d40079 ON public.planning_repas USING btree (user_id);


--
-- Name: shopping_lignecourses_aliment_id_0d415e9c; Type: INDEX; Schema: public; Owner: hestia
--

CREATE INDEX shopping_lignecourses_aliment_id_0d415e9c ON public.shopping_lignecourses USING btree (aliment_id);


--
-- Name: shopping_lignecourses_created_by_id_280d89db; Type: INDEX; Schema: public; Owner: hestia
--

CREATE INDEX shopping_lignecourses_created_by_id_280d89db ON public.shopping_lignecourses USING btree (created_by_id);


--
-- Name: shopping_lignecourses_liste_id_d9a401fb; Type: INDEX; Schema: public; Owner: hestia
--

CREATE INDEX shopping_lignecourses_liste_id_d9a401fb ON public.shopping_lignecourses USING btree (liste_id);


--
-- Name: shopping_lignecourses_lot_id_be3acea1; Type: INDEX; Schema: public; Owner: hestia
--

CREATE INDEX shopping_lignecourses_lot_id_be3acea1 ON public.shopping_lignecourses USING btree (lot_id);


--
-- Name: shopping_lignecourses_produit_id_18422bee; Type: INDEX; Schema: public; Owner: hestia
--

CREATE INDEX shopping_lignecourses_produit_id_18422bee ON public.shopping_lignecourses USING btree (produit_id);


--
-- Name: shopping_listecourses_foyer_id_e07c738e; Type: INDEX; Schema: public; Owner: hestia
--

CREATE INDEX shopping_listecourses_foyer_id_e07c738e ON public.shopping_listecourses USING btree (foyer_id);


--
-- Name: auth_foyer_membrefoyer auth_foyer_membrefoyer_foyer_id_45941eb5_fk_auth_foyer_foyer_id; Type: FK CONSTRAINT; Schema: public; Owner: hestia
--

ALTER TABLE ONLY public.auth_foyer_membrefoyer
    ADD CONSTRAINT auth_foyer_membrefoyer_foyer_id_45941eb5_fk_auth_foyer_foyer_id FOREIGN KEY (foyer_id) REFERENCES public.auth_foyer_foyer(id) DEFERRABLE INITIALLY DEFERRED;


--
-- Name: auth_foyer_membrefoyer auth_foyer_membrefoyer_user_id_6e761509_fk_auth_foyer_user_id; Type: FK CONSTRAINT; Schema: public; Owner: hestia
--

ALTER TABLE ONLY public.auth_foyer_membrefoyer
    ADD CONSTRAINT auth_foyer_membrefoyer_user_id_6e761509_fk_auth_foyer_user_id FOREIGN KEY (user_id) REFERENCES public.auth_foyer_user(id) DEFERRABLE INITIALLY DEFERRED;


--
-- Name: auth_foyer_user_groups auth_foyer_user_groups_group_id_1a80af98_fk_auth_group_id; Type: FK CONSTRAINT; Schema: public; Owner: hestia
--

ALTER TABLE ONLY public.auth_foyer_user_groups
    ADD CONSTRAINT auth_foyer_user_groups_group_id_1a80af98_fk_auth_group_id FOREIGN KEY (group_id) REFERENCES public.auth_group(id) DEFERRABLE INITIALLY DEFERRED;


--
-- Name: auth_foyer_user_groups auth_foyer_user_groups_user_id_494f4fce_fk_auth_foyer_user_id; Type: FK CONSTRAINT; Schema: public; Owner: hestia
--

ALTER TABLE ONLY public.auth_foyer_user_groups
    ADD CONSTRAINT auth_foyer_user_groups_user_id_494f4fce_fk_auth_foyer_user_id FOREIGN KEY (user_id) REFERENCES public.auth_foyer_user(id) DEFERRABLE INITIALLY DEFERRED;


--
-- Name: auth_foyer_user_user_permissions auth_foyer_user_user_permission_id_9720c606_fk_auth_perm; Type: FK CONSTRAINT; Schema: public; Owner: hestia
--

ALTER TABLE ONLY public.auth_foyer_user_user_permissions
    ADD CONSTRAINT auth_foyer_user_user_permission_id_9720c606_fk_auth_perm FOREIGN KEY (permission_id) REFERENCES public.auth_permission(id) DEFERRABLE INITIALLY DEFERRED;


--
-- Name: auth_foyer_user_user_permissions auth_foyer_user_user_user_id_c250c2c8_fk_auth_foye; Type: FK CONSTRAINT; Schema: public; Owner: hestia
--

ALTER TABLE ONLY public.auth_foyer_user_user_permissions
    ADD CONSTRAINT auth_foyer_user_user_user_id_c250c2c8_fk_auth_foye FOREIGN KEY (user_id) REFERENCES public.auth_foyer_user(id) DEFERRABLE INITIALLY DEFERRED;


--
-- Name: auth_group_permissions auth_group_permissio_permission_id_84c5c92e_fk_auth_perm; Type: FK CONSTRAINT; Schema: public; Owner: hestia
--

ALTER TABLE ONLY public.auth_group_permissions
    ADD CONSTRAINT auth_group_permissio_permission_id_84c5c92e_fk_auth_perm FOREIGN KEY (permission_id) REFERENCES public.auth_permission(id) DEFERRABLE INITIALLY DEFERRED;


--
-- Name: auth_group_permissions auth_group_permissions_group_id_b120cbf9_fk_auth_group_id; Type: FK CONSTRAINT; Schema: public; Owner: hestia
--

ALTER TABLE ONLY public.auth_group_permissions
    ADD CONSTRAINT auth_group_permissions_group_id_b120cbf9_fk_auth_group_id FOREIGN KEY (group_id) REFERENCES public.auth_group(id) DEFERRABLE INITIALLY DEFERRED;


--
-- Name: auth_permission auth_permission_content_type_id_2f476e4b_fk_django_co; Type: FK CONSTRAINT; Schema: public; Owner: hestia
--

ALTER TABLE ONLY public.auth_permission
    ADD CONSTRAINT auth_permission_content_type_id_2f476e4b_fk_django_co FOREIGN KEY (content_type_id) REFERENCES public.django_content_type(id) DEFERRABLE INITIALLY DEFERRED;


--
-- Name: django_admin_log django_admin_log_content_type_id_c4bce8eb_fk_django_co; Type: FK CONSTRAINT; Schema: public; Owner: hestia
--

ALTER TABLE ONLY public.django_admin_log
    ADD CONSTRAINT django_admin_log_content_type_id_c4bce8eb_fk_django_co FOREIGN KEY (content_type_id) REFERENCES public.django_content_type(id) DEFERRABLE INITIALLY DEFERRED;


--
-- Name: django_admin_log django_admin_log_user_id_c564eba6_fk_auth_foyer_user_id; Type: FK CONSTRAINT; Schema: public; Owner: hestia
--

ALTER TABLE ONLY public.django_admin_log
    ADD CONSTRAINT django_admin_log_user_id_c564eba6_fk_auth_foyer_user_id FOREIGN KEY (user_id) REFERENCES public.auth_foyer_user(id) DEFERRABLE INITIALLY DEFERRED;


--
-- Name: inventory_lot inventory_lot_aliment_id_29616546_fk_nutrition_aliment_id; Type: FK CONSTRAINT; Schema: public; Owner: hestia
--

ALTER TABLE ONLY public.inventory_lot
    ADD CONSTRAINT inventory_lot_aliment_id_29616546_fk_nutrition_aliment_id FOREIGN KEY (aliment_id) REFERENCES public.nutrition_aliment(id) DEFERRABLE INITIALLY DEFERRED;


--
-- Name: inventory_lot inventory_lot_created_by_id_346f303a_fk_auth_foyer_user_id; Type: FK CONSTRAINT; Schema: public; Owner: hestia
--

ALTER TABLE ONLY public.inventory_lot
    ADD CONSTRAINT inventory_lot_created_by_id_346f303a_fk_auth_foyer_user_id FOREIGN KEY (created_by_id) REFERENCES public.auth_foyer_user(id) DEFERRABLE INITIALLY DEFERRED;


--
-- Name: inventory_lot inventory_lot_foyer_id_18849ec2_fk_auth_foyer_foyer_id; Type: FK CONSTRAINT; Schema: public; Owner: hestia
--

ALTER TABLE ONLY public.inventory_lot
    ADD CONSTRAINT inventory_lot_foyer_id_18849ec2_fk_auth_foyer_foyer_id FOREIGN KEY (foyer_id) REFERENCES public.auth_foyer_foyer(id) DEFERRABLE INITIALLY DEFERRED;


--
-- Name: inventory_lot inventory_lot_produit_id_3c75ab20_fk_nutrition_produit_id; Type: FK CONSTRAINT; Schema: public; Owner: hestia
--

ALTER TABLE ONLY public.inventory_lot
    ADD CONSTRAINT inventory_lot_produit_id_3c75ab20_fk_nutrition_produit_id FOREIGN KEY (produit_id) REFERENCES public.nutrition_produit(id) DEFERRABLE INITIALLY DEFERRED;


--
-- Name: notifications_notification notifications_notifi_foyer_id_b1c3ec1d_fk_auth_foye; Type: FK CONSTRAINT; Schema: public; Owner: hestia
--

ALTER TABLE ONLY public.notifications_notification
    ADD CONSTRAINT notifications_notifi_foyer_id_b1c3ec1d_fk_auth_foye FOREIGN KEY (foyer_id) REFERENCES public.auth_foyer_foyer(id) DEFERRABLE INITIALLY DEFERRED;


--
-- Name: notifications_notification notifications_notifi_user_id_b5e8c0ff_fk_auth_foye; Type: FK CONSTRAINT; Schema: public; Owner: hestia
--

ALTER TABLE ONLY public.notifications_notification
    ADD CONSTRAINT notifications_notifi_user_id_b5e8c0ff_fk_auth_foye FOREIGN KEY (user_id) REFERENCES public.auth_foyer_user(id) DEFERRABLE INITIALLY DEFERRED;


--
-- Name: notifications_notification notifications_notification_lot_id_4fdc48c0_fk_inventory_lot_id; Type: FK CONSTRAINT; Schema: public; Owner: hestia
--

ALTER TABLE ONLY public.notifications_notification
    ADD CONSTRAINT notifications_notification_lot_id_4fdc48c0_fk_inventory_lot_id FOREIGN KEY (lot_id) REFERENCES public.inventory_lot(id) DEFERRABLE INITIALLY DEFERRED;


--
-- Name: nutrition_aliment nutrition_aliment_categorie_id_43ad6355_fk_nutrition; Type: FK CONSTRAINT; Schema: public; Owner: hestia
--

ALTER TABLE ONLY public.nutrition_aliment
    ADD CONSTRAINT nutrition_aliment_categorie_id_43ad6355_fk_nutrition FOREIGN KEY (categorie_id) REFERENCES public.nutrition_categorie(id) DEFERRABLE INITIALLY DEFERRED;


--
-- Name: nutrition_aliment nutrition_aliment_created_by_id_ef13c493_fk_auth_foyer_user_id; Type: FK CONSTRAINT; Schema: public; Owner: hestia
--

ALTER TABLE ONLY public.nutrition_aliment
    ADD CONSTRAINT nutrition_aliment_created_by_id_ef13c493_fk_auth_foyer_user_id FOREIGN KEY (created_by_id) REFERENCES public.auth_foyer_user(id) DEFERRABLE INITIALLY DEFERRED;


--
-- Name: nutrition_aliment nutrition_aliment_foyer_id_2ed8d0ec_fk_auth_foyer_foyer_id; Type: FK CONSTRAINT; Schema: public; Owner: hestia
--

ALTER TABLE ONLY public.nutrition_aliment
    ADD CONSTRAINT nutrition_aliment_foyer_id_2ed8d0ec_fk_auth_foyer_foyer_id FOREIGN KEY (foyer_id) REFERENCES public.auth_foyer_foyer(id) DEFERRABLE INITIALLY DEFERRED;


--
-- Name: nutrition_micros nutrition_micros_aliment_id_ce4a753e_fk_nutrition_aliment_id; Type: FK CONSTRAINT; Schema: public; Owner: hestia
--

ALTER TABLE ONLY public.nutrition_micros
    ADD CONSTRAINT nutrition_micros_aliment_id_ce4a753e_fk_nutrition_aliment_id FOREIGN KEY (aliment_id) REFERENCES public.nutrition_aliment(id) DEFERRABLE INITIALLY DEFERRED;


--
-- Name: nutrition_produit nutrition_produit_aliment_id_30c409a9_fk_nutrition_aliment_id; Type: FK CONSTRAINT; Schema: public; Owner: hestia
--

ALTER TABLE ONLY public.nutrition_produit
    ADD CONSTRAINT nutrition_produit_aliment_id_30c409a9_fk_nutrition_aliment_id FOREIGN KEY (aliment_id) REFERENCES public.nutrition_aliment(id) DEFERRABLE INITIALLY DEFERRED;


--
-- Name: planning_lignerepas planning_lignerepas_aliment_id_c13e73f9_fk_nutrition_aliment_id; Type: FK CONSTRAINT; Schema: public; Owner: hestia
--

ALTER TABLE ONLY public.planning_lignerepas
    ADD CONSTRAINT planning_lignerepas_aliment_id_c13e73f9_fk_nutrition_aliment_id FOREIGN KEY (aliment_id) REFERENCES public.nutrition_aliment(id) DEFERRABLE INITIALLY DEFERRED;


--
-- Name: planning_lignerepas planning_lignerepas_repas_id_7df7cfcf_fk_planning_repas_id; Type: FK CONSTRAINT; Schema: public; Owner: hestia
--

ALTER TABLE ONLY public.planning_lignerepas
    ADD CONSTRAINT planning_lignerepas_repas_id_7df7cfcf_fk_planning_repas_id FOREIGN KEY (repas_id) REFERENCES public.planning_repas(id) DEFERRABLE INITIALLY DEFERRED;


--
-- Name: planning_moment planning_moment_foyer_id_aed6a27d_fk_auth_foyer_foyer_id; Type: FK CONSTRAINT; Schema: public; Owner: hestia
--

ALTER TABLE ONLY public.planning_moment
    ADD CONSTRAINT planning_moment_foyer_id_aed6a27d_fk_auth_foyer_foyer_id FOREIGN KEY (foyer_id) REFERENCES public.auth_foyer_foyer(id) DEFERRABLE INITIALLY DEFERRED;


--
-- Name: planning_repas planning_repas_moment_id_dc7e222b_fk_planning_moment_id; Type: FK CONSTRAINT; Schema: public; Owner: hestia
--

ALTER TABLE ONLY public.planning_repas
    ADD CONSTRAINT planning_repas_moment_id_dc7e222b_fk_planning_moment_id FOREIGN KEY (moment_id) REFERENCES public.planning_moment(id) DEFERRABLE INITIALLY DEFERRED;


--
-- Name: planning_repas planning_repas_user_id_69d40079_fk_auth_foyer_user_id; Type: FK CONSTRAINT; Schema: public; Owner: hestia
--

ALTER TABLE ONLY public.planning_repas
    ADD CONSTRAINT planning_repas_user_id_69d40079_fk_auth_foyer_user_id FOREIGN KEY (user_id) REFERENCES public.auth_foyer_user(id) DEFERRABLE INITIALLY DEFERRED;


--
-- Name: shopping_lignecourses shopping_lignecourse_aliment_id_0d415e9c_fk_nutrition; Type: FK CONSTRAINT; Schema: public; Owner: hestia
--

ALTER TABLE ONLY public.shopping_lignecourses
    ADD CONSTRAINT shopping_lignecourse_aliment_id_0d415e9c_fk_nutrition FOREIGN KEY (aliment_id) REFERENCES public.nutrition_aliment(id) DEFERRABLE INITIALLY DEFERRED;


--
-- Name: shopping_lignecourses shopping_lignecourse_created_by_id_280d89db_fk_auth_foye; Type: FK CONSTRAINT; Schema: public; Owner: hestia
--

ALTER TABLE ONLY public.shopping_lignecourses
    ADD CONSTRAINT shopping_lignecourse_created_by_id_280d89db_fk_auth_foye FOREIGN KEY (created_by_id) REFERENCES public.auth_foyer_user(id) DEFERRABLE INITIALLY DEFERRED;


--
-- Name: shopping_lignecourses shopping_lignecourse_liste_id_d9a401fb_fk_shopping_; Type: FK CONSTRAINT; Schema: public; Owner: hestia
--

ALTER TABLE ONLY public.shopping_lignecourses
    ADD CONSTRAINT shopping_lignecourse_liste_id_d9a401fb_fk_shopping_ FOREIGN KEY (liste_id) REFERENCES public.shopping_listecourses(id) DEFERRABLE INITIALLY DEFERRED;


--
-- Name: shopping_lignecourses shopping_lignecourse_produit_id_18422bee_fk_nutrition; Type: FK CONSTRAINT; Schema: public; Owner: hestia
--

ALTER TABLE ONLY public.shopping_lignecourses
    ADD CONSTRAINT shopping_lignecourse_produit_id_18422bee_fk_nutrition FOREIGN KEY (produit_id) REFERENCES public.nutrition_produit(id) DEFERRABLE INITIALLY DEFERRED;


--
-- Name: shopping_lignecourses shopping_lignecourses_lot_id_be3acea1_fk_inventory_lot_id; Type: FK CONSTRAINT; Schema: public; Owner: hestia
--

ALTER TABLE ONLY public.shopping_lignecourses
    ADD CONSTRAINT shopping_lignecourses_lot_id_be3acea1_fk_inventory_lot_id FOREIGN KEY (lot_id) REFERENCES public.inventory_lot(id) DEFERRABLE INITIALLY DEFERRED;


--
-- Name: shopping_listecourses shopping_listecourses_foyer_id_e07c738e_fk_auth_foyer_foyer_id; Type: FK CONSTRAINT; Schema: public; Owner: hestia
--

ALTER TABLE ONLY public.shopping_listecourses
    ADD CONSTRAINT shopping_listecourses_foyer_id_e07c738e_fk_auth_foyer_foyer_id FOREIGN KEY (foyer_id) REFERENCES public.auth_foyer_foyer(id) DEFERRABLE INITIALLY DEFERRED;


--
-- PostgreSQL database dump complete
--

\unrestrict GPd1eGfFvNSQdWDNSvELvxI0NTXzmL5hLe3rMtAmHjujP0SnXek5Ni4PAibjHPN

